<?xml version="1.0" encoding="UTF-8"?>
<root>
  <item name="com.qualcomm.qti.openxr.input.data.Component">
    <annotation name="androidx.annotation.IntDef">
      <val name="value" val="{com.qualcomm.qti.openxr.input.data.Component.UNKNOWN, com.qualcomm.qti.openxr.input.data.Component.CLICK, com.qualcomm.qti.openxr.input.data.Component.TOUCH, com.qualcomm.qti.openxr.input.data.Component.FORCE, com.qualcomm.qti.openxr.input.data.Component.VALUE, com.qualcomm.qti.openxr.input.data.Component.XY, com.qualcomm.qti.openxr.input.data.Component.TWIST, com.qualcomm.qti.openxr.input.data.Component.POSE}" />
    </annotation>
  </item>
  <item name="com.qualcomm.qti.openxr.input.data.DeviceConnectionState">
    <annotation name="androidx.annotation.IntDef">
      <val name="value" val="{com.qualcomm.qti.openxr.input.data.DeviceConnectionState.UNINITIALIZED, com.qualcomm.qti.openxr.input.data.DeviceConnectionState.DISCONNECTED, com.qualcomm.qti.openxr.input.data.DeviceConnectionState.CONNECTED, com.qualcomm.qti.openxr.input.data.DeviceConnectionState.CONNECTING, com.qualcomm.qti.openxr.input.data.DeviceConnectionState.ERROR}" />
    </annotation>
  </item>
  <item name="com.qualcomm.qti.openxr.input.data.Identifier">
    <annotation name="androidx.annotation.IntDef">
      <val name="value" val="{com.qualcomm.qti.openxr.input.data.Identifier.UNKNOWN, com.qualcomm.qti.openxr.input.data.Identifier.TRACKPAD, com.qualcomm.qti.openxr.input.data.Identifier.THUMBSTICK, com.qualcomm.qti.openxr.input.data.Identifier.JOYSTICK, com.qualcomm.qti.openxr.input.data.Identifier.TRIGGER, com.qualcomm.qti.openxr.input.data.Identifier.THROTTLE, com.qualcomm.qti.openxr.input.data.Identifier.TRACKBALL, com.qualcomm.qti.openxr.input.data.Identifier.PEDAL, com.qualcomm.qti.openxr.input.data.Identifier.SYSTEM, com.qualcomm.qti.openxr.input.data.Identifier.DPAD_UP, com.qualcomm.qti.openxr.input.data.Identifier.DPAD_DOWN, com.qualcomm.qti.openxr.input.data.Identifier.DPAD_LEFT, com.qualcomm.qti.openxr.input.data.Identifier.DPAD_RIGHT, com.qualcomm.qti.openxr.input.data.Identifier.DIAMOND_UP, com.qualcomm.qti.openxr.input.data.Identifier.DIAMOND_DOWN, com.qualcomm.qti.openxr.input.data.Identifier.DIAMOND_LEFT, com.qualcomm.qti.openxr.input.data.Identifier.DIAMOND_RIGHT, com.qualcomm.qti.openxr.input.data.Identifier.A, com.qualcomm.qti.openxr.input.data.Identifier.B, com.qualcomm.qti.openxr.input.data.Identifier.X, com.qualcomm.qti.openxr.input.data.Identifier.Y, com.qualcomm.qti.openxr.input.data.Identifier.START, com.qualcomm.qti.openxr.input.data.Identifier.HOME, com.qualcomm.qti.openxr.input.data.Identifier.END, com.qualcomm.qti.openxr.input.data.Identifier.SELECT, com.qualcomm.qti.openxr.input.data.Identifier.VOLUME_UP, com.qualcomm.qti.openxr.input.data.Identifier.VOLUME_DOWN, com.qualcomm.qti.openxr.input.data.Identifier.MUTE_MIC, com.qualcomm.qti.openxr.input.data.Identifier.PLAY_PAUSE, com.qualcomm.qti.openxr.input.data.Identifier.MENU, com.qualcomm.qti.openxr.input.data.Identifier.VIEW, com.qualcomm.qti.openxr.input.data.Identifier.THUMBREST, com.qualcomm.qti.openxr.input.data.Identifier.SHOULDER, com.qualcomm.qti.openxr.input.data.Identifier.SQUEEZE, com.qualcomm.qti.openxr.input.data.Identifier.WHEEL, com.qualcomm.qti.openxr.input.data.Identifier.GRIP, com.qualcomm.qti.openxr.input.data.Identifier.AIM}" />
    </annotation>
  </item>
  <item name="com.qualcomm.qti.openxr.input.data.InputDeviceType">
    <annotation name="androidx.annotation.IntDef">
      <val name="value" val="{com.qualcomm.qti.openxr.input.data.InputDeviceType.UNKNOWN, com.qualcomm.qti.openxr.input.data.InputDeviceType.RIGHT_HAND_CONTROLLER, com.qualcomm.qti.openxr.input.data.InputDeviceType.LEFT_HAND_CONTROLLER, com.qualcomm.qti.openxr.input.data.InputDeviceType.ANY_HAND_CONTROLLER}" />
    </annotation>
  </item>
  <item name="com.qualcomm.qti.openxr.input.data.Profile">
    <annotation name="androidx.annotation.IntDef">
      <val name="value" val="{com.qualcomm.qti.openxr.input.data.Profile.UNKNOWN, com.qualcomm.qti.openxr.input.data.Profile.KHRONOS_SIMPLE_CONTROLLER, com.qualcomm.qti.openxr.input.data.Profile.GOOGLE_DAYDREAM_CONTROLLER, com.qualcomm.qti.openxr.input.data.Profile.HTC_VIVE_CONTROLLER, com.qualcomm.qti.openxr.input.data.Profile.HTC_VIVE_PRO, com.qualcomm.qti.openxr.input.data.Profile.MICROSOFT_MIXED_REALITY_MOTION_CONTROLLER, com.qualcomm.qti.openxr.input.data.Profile.MICROSOFT_XBOX_CONTROLLER, com.qualcomm.qti.openxr.input.data.Profile.OCULUS_GO_CONTROLLER_PROFILE, com.qualcomm.qti.openxr.input.data.Profile.OCULUS_TOUCH_CONTROLLER, com.qualcomm.qti.openxr.input.data.Profile.VALVE_INDEX_CONTROLLER}" />
    </annotation>
  </item>
  <item name="com.qualcomm.qti.openxr.input.data.XrDeviceEvent int getValueType(int)">
    <annotation name="androidx.annotation.IntDef">
      <val name="value" val="{com.qualcomm.qti.openxr.input.data.XrDeviceEvent.VALUE_TYPE_UNKNOWN, com.qualcomm.qti.openxr.input.data.XrDeviceEvent.VALUE_TYPE_BOOLEAN, com.qualcomm.qti.openxr.input.data.XrDeviceEvent.VALUE_TYPE_SCALAR, com.qualcomm.qti.openxr.input.data.XrDeviceEvent.VALUE_TYPE_VECTOR2D}" />
    </annotation>
  </item>
  <item name="com.qualcomm.qti.openxr.input.data.XrDeviceEvent int getValueType(int) 0">
    <annotation name="androidx.annotation.IntDef">
      <val name="value" val="{com.qualcomm.qti.openxr.input.data.Component.UNKNOWN, com.qualcomm.qti.openxr.input.data.Component.CLICK, com.qualcomm.qti.openxr.input.data.Component.TOUCH, com.qualcomm.qti.openxr.input.data.Component.FORCE, com.qualcomm.qti.openxr.input.data.Component.VALUE, com.qualcomm.qti.openxr.input.data.Component.XY, com.qualcomm.qti.openxr.input.data.Component.TWIST, com.qualcomm.qti.openxr.input.data.Component.POSE}" />
    </annotation>
  </item>
  <item name="com.qualcomm.qti.openxr.input.data.XrDeviceEvent java.lang.String componentToString(int) 0">
    <annotation name="androidx.annotation.IntDef">
      <val name="value" val="{com.qualcomm.qti.openxr.input.data.Component.UNKNOWN, com.qualcomm.qti.openxr.input.data.Component.CLICK, com.qualcomm.qti.openxr.input.data.Component.TOUCH, com.qualcomm.qti.openxr.input.data.Component.FORCE, com.qualcomm.qti.openxr.input.data.Component.VALUE, com.qualcomm.qti.openxr.input.data.Component.XY, com.qualcomm.qti.openxr.input.data.Component.TWIST, com.qualcomm.qti.openxr.input.data.Component.POSE}" />
    </annotation>
  </item>
  <item name="com.qualcomm.qti.openxr.input.data.XrDeviceEvent java.lang.String identifierToString(int) 0">
    <annotation name="androidx.annotation.IntDef">
      <val name="value" val="{com.qualcomm.qti.openxr.input.data.Identifier.UNKNOWN, com.qualcomm.qti.openxr.input.data.Identifier.TRACKPAD, com.qualcomm.qti.openxr.input.data.Identifier.THUMBSTICK, com.qualcomm.qti.openxr.input.data.Identifier.JOYSTICK, com.qualcomm.qti.openxr.input.data.Identifier.TRIGGER, com.qualcomm.qti.openxr.input.data.Identifier.THROTTLE, com.qualcomm.qti.openxr.input.data.Identifier.TRACKBALL, com.qualcomm.qti.openxr.input.data.Identifier.PEDAL, com.qualcomm.qti.openxr.input.data.Identifier.SYSTEM, com.qualcomm.qti.openxr.input.data.Identifier.DPAD_UP, com.qualcomm.qti.openxr.input.data.Identifier.DPAD_DOWN, com.qualcomm.qti.openxr.input.data.Identifier.DPAD_LEFT, com.qualcomm.qti.openxr.input.data.Identifier.DPAD_RIGHT, com.qualcomm.qti.openxr.input.data.Identifier.DIAMOND_UP, com.qualcomm.qti.openxr.input.data.Identifier.DIAMOND_DOWN, com.qualcomm.qti.openxr.input.data.Identifier.DIAMOND_LEFT, com.qualcomm.qti.openxr.input.data.Identifier.DIAMOND_RIGHT, com.qualcomm.qti.openxr.input.data.Identifier.A, com.qualcomm.qti.openxr.input.data.Identifier.B, com.qualcomm.qti.openxr.input.data.Identifier.X, com.qualcomm.qti.openxr.input.data.Identifier.Y, com.qualcomm.qti.openxr.input.data.Identifier.START, com.qualcomm.qti.openxr.input.data.Identifier.HOME, com.qualcomm.qti.openxr.input.data.Identifier.END, com.qualcomm.qti.openxr.input.data.Identifier.SELECT, com.qualcomm.qti.openxr.input.data.Identifier.VOLUME_UP, com.qualcomm.qti.openxr.input.data.Identifier.VOLUME_DOWN, com.qualcomm.qti.openxr.input.data.Identifier.MUTE_MIC, com.qualcomm.qti.openxr.input.data.Identifier.PLAY_PAUSE, com.qualcomm.qti.openxr.input.data.Identifier.MENU, com.qualcomm.qti.openxr.input.data.Identifier.VIEW, com.qualcomm.qti.openxr.input.data.Identifier.THUMBREST, com.qualcomm.qti.openxr.input.data.Identifier.SHOULDER, com.qualcomm.qti.openxr.input.data.Identifier.SQUEEZE, com.qualcomm.qti.openxr.input.data.Identifier.WHEEL, com.qualcomm.qti.openxr.input.data.Identifier.GRIP, com.qualcomm.qti.openxr.input.data.Identifier.AIM}" />
    </annotation>
  </item>
  <item name="com.qualcomm.qti.openxr.input.data.XrDeviceEvent mComponent">
    <annotation name="androidx.annotation.IntDef">
      <val name="value" val="{com.qualcomm.qti.openxr.input.data.Component.UNKNOWN, com.qualcomm.qti.openxr.input.data.Component.CLICK, com.qualcomm.qti.openxr.input.data.Component.TOUCH, com.qualcomm.qti.openxr.input.data.Component.FORCE, com.qualcomm.qti.openxr.input.data.Component.VALUE, com.qualcomm.qti.openxr.input.data.Component.XY, com.qualcomm.qti.openxr.input.data.Component.TWIST, com.qualcomm.qti.openxr.input.data.Component.POSE}" />
    </annotation>
  </item>
  <item name="com.qualcomm.qti.openxr.input.data.XrDeviceEvent mIdentifier">
    <annotation name="androidx.annotation.IntDef">
      <val name="value" val="{com.qualcomm.qti.openxr.input.data.Identifier.UNKNOWN, com.qualcomm.qti.openxr.input.data.Identifier.TRACKPAD, com.qualcomm.qti.openxr.input.data.Identifier.THUMBSTICK, com.qualcomm.qti.openxr.input.data.Identifier.JOYSTICK, com.qualcomm.qti.openxr.input.data.Identifier.TRIGGER, com.qualcomm.qti.openxr.input.data.Identifier.THROTTLE, com.qualcomm.qti.openxr.input.data.Identifier.TRACKBALL, com.qualcomm.qti.openxr.input.data.Identifier.PEDAL, com.qualcomm.qti.openxr.input.data.Identifier.SYSTEM, com.qualcomm.qti.openxr.input.data.Identifier.DPAD_UP, com.qualcomm.qti.openxr.input.data.Identifier.DPAD_DOWN, com.qualcomm.qti.openxr.input.data.Identifier.DPAD_LEFT, com.qualcomm.qti.openxr.input.data.Identifier.DPAD_RIGHT, com.qualcomm.qti.openxr.input.data.Identifier.DIAMOND_UP, com.qualcomm.qti.openxr.input.data.Identifier.DIAMOND_DOWN, com.qualcomm.qti.openxr.input.data.Identifier.DIAMOND_LEFT, com.qualcomm.qti.openxr.input.data.Identifier.DIAMOND_RIGHT, com.qualcomm.qti.openxr.input.data.Identifier.A, com.qualcomm.qti.openxr.input.data.Identifier.B, com.qualcomm.qti.openxr.input.data.Identifier.X, com.qualcomm.qti.openxr.input.data.Identifier.Y, com.qualcomm.qti.openxr.input.data.Identifier.START, com.qualcomm.qti.openxr.input.data.Identifier.HOME, com.qualcomm.qti.openxr.input.data.Identifier.END, com.qualcomm.qti.openxr.input.data.Identifier.SELECT, com.qualcomm.qti.openxr.input.data.Identifier.VOLUME_UP, com.qualcomm.qti.openxr.input.data.Identifier.VOLUME_DOWN, com.qualcomm.qti.openxr.input.data.Identifier.MUTE_MIC, com.qualcomm.qti.openxr.input.data.Identifier.PLAY_PAUSE, com.qualcomm.qti.openxr.input.data.Identifier.MENU, com.qualcomm.qti.openxr.input.data.Identifier.VIEW, com.qualcomm.qti.openxr.input.data.Identifier.THUMBREST, com.qualcomm.qti.openxr.input.data.Identifier.SHOULDER, com.qualcomm.qti.openxr.input.data.Identifier.SQUEEZE, com.qualcomm.qti.openxr.input.data.Identifier.WHEEL, com.qualcomm.qti.openxr.input.data.Identifier.GRIP, com.qualcomm.qti.openxr.input.data.Identifier.AIM}" />
    </annotation>
  </item>
  <item name="com.qualcomm.qti.openxr.input.data.XrDeviceEvent mValueType">
    <annotation name="androidx.annotation.IntDef">
      <val name="value" val="{com.qualcomm.qti.openxr.input.data.XrDeviceEvent.VALUE_TYPE_UNKNOWN, com.qualcomm.qti.openxr.input.data.XrDeviceEvent.VALUE_TYPE_BOOLEAN, com.qualcomm.qti.openxr.input.data.XrDeviceEvent.VALUE_TYPE_SCALAR, com.qualcomm.qti.openxr.input.data.XrDeviceEvent.VALUE_TYPE_VECTOR2D}" />
    </annotation>
  </item>
  <item name="com.qualcomm.qti.openxr.input.data.XrDeviceEvent.Builder com.qualcomm.qti.openxr.input.data.XrDeviceEvent.Builder setComponent(int) 0">
    <annotation name="androidx.annotation.IntDef">
      <val name="value" val="{com.qualcomm.qti.openxr.input.data.Component.UNKNOWN, com.qualcomm.qti.openxr.input.data.Component.CLICK, com.qualcomm.qti.openxr.input.data.Component.TOUCH, com.qualcomm.qti.openxr.input.data.Component.FORCE, com.qualcomm.qti.openxr.input.data.Component.VALUE, com.qualcomm.qti.openxr.input.data.Component.XY, com.qualcomm.qti.openxr.input.data.Component.TWIST, com.qualcomm.qti.openxr.input.data.Component.POSE}" />
    </annotation>
  </item>
  <item name="com.qualcomm.qti.openxr.input.data.XrDeviceEvent.Builder com.qualcomm.qti.openxr.input.data.XrDeviceEvent.Builder setIdentifier(int) 0">
    <annotation name="androidx.annotation.IntDef">
      <val name="value" val="{com.qualcomm.qti.openxr.input.data.Identifier.UNKNOWN, com.qualcomm.qti.openxr.input.data.Identifier.TRACKPAD, com.qualcomm.qti.openxr.input.data.Identifier.THUMBSTICK, com.qualcomm.qti.openxr.input.data.Identifier.JOYSTICK, com.qualcomm.qti.openxr.input.data.Identifier.TRIGGER, com.qualcomm.qti.openxr.input.data.Identifier.THROTTLE, com.qualcomm.qti.openxr.input.data.Identifier.TRACKBALL, com.qualcomm.qti.openxr.input.data.Identifier.PEDAL, com.qualcomm.qti.openxr.input.data.Identifier.SYSTEM, com.qualcomm.qti.openxr.input.data.Identifier.DPAD_UP, com.qualcomm.qti.openxr.input.data.Identifier.DPAD_DOWN, com.qualcomm.qti.openxr.input.data.Identifier.DPAD_LEFT, com.qualcomm.qti.openxr.input.data.Identifier.DPAD_RIGHT, com.qualcomm.qti.openxr.input.data.Identifier.DIAMOND_UP, com.qualcomm.qti.openxr.input.data.Identifier.DIAMOND_DOWN, com.qualcomm.qti.openxr.input.data.Identifier.DIAMOND_LEFT, com.qualcomm.qti.openxr.input.data.Identifier.DIAMOND_RIGHT, com.qualcomm.qti.openxr.input.data.Identifier.A, com.qualcomm.qti.openxr.input.data.Identifier.B, com.qualcomm.qti.openxr.input.data.Identifier.X, com.qualcomm.qti.openxr.input.data.Identifier.Y, com.qualcomm.qti.openxr.input.data.Identifier.START, com.qualcomm.qti.openxr.input.data.Identifier.HOME, com.qualcomm.qti.openxr.input.data.Identifier.END, com.qualcomm.qti.openxr.input.data.Identifier.SELECT, com.qualcomm.qti.openxr.input.data.Identifier.VOLUME_UP, com.qualcomm.qti.openxr.input.data.Identifier.VOLUME_DOWN, com.qualcomm.qti.openxr.input.data.Identifier.MUTE_MIC, com.qualcomm.qti.openxr.input.data.Identifier.PLAY_PAUSE, com.qualcomm.qti.openxr.input.data.Identifier.MENU, com.qualcomm.qti.openxr.input.data.Identifier.VIEW, com.qualcomm.qti.openxr.input.data.Identifier.THUMBREST, com.qualcomm.qti.openxr.input.data.Identifier.SHOULDER, com.qualcomm.qti.openxr.input.data.Identifier.SQUEEZE, com.qualcomm.qti.openxr.input.data.Identifier.WHEEL, com.qualcomm.qti.openxr.input.data.Identifier.GRIP, com.qualcomm.qti.openxr.input.data.Identifier.AIM}" />
    </annotation>
  </item>
</root>

